codeMission;dateDebut;duree
1;02/01/2017;3
2;20/02/2017;5
3;25/01/2017;4
5;20/02/2017;6
5;20/02/2017;6
5;20/02/2017;6
5;20/02/2017;6
5;20/02/2017;6
5;20/02/2017;6
5;20/02/2017;6
5;20/02/2017;6
5;20/02/2017;6
5;20/02/2017;6
5;20/02/2017;6
5;20/02/2017;6
5;20/02/2017;6
5;20/02/2017;6
5;20/02/2017;6
5;20/02/2017;6
5;20/02/2017;6
5;20/02/2017;6
5;20/02/2017;6
5;20/02/2017;6
5;20/02/2017;6
5;20/02/2017;6
5;20/02/2017;6
5;20/02/2017;6
5;20/02/2017;6
5;20/02/2017;6
5;20/02/2017;6
5;20/02/2017;6
5;20/02/2017;6
